Team,Year,Week,Win/Loss,Win Loss Factor,Home/Away,Points Scored,Points Allowed,3rd Down,3rd Down Allowed,Pass Yards,Pass Yards Allowed,Rush Yards,Rush Yards Allowed,Opp Team
0,2,2,1,0.124353,1,11,-11,0.627273,0.261538,26,35,28,-186,9
0,0,2,1,0.124353,0,16,-4,0.136364,-0.136364,124,62,11,-165,1
6,0,3,1,0.244919,1,8,-15,-0.016667,-0.01447,7,48.5,40.5,-131.5,11
24,2,2,1,0,0,-8,-23,0.049451,-0.184615,-39,-42,1,-130,26
18,2,2,1,0.124353,1,-3,-6,-0.163636,-0.171717,-51,128,184,-124,25
24,1,2,1,0.124353,1,25,-3,0.240259,0.067874,243,130,-72,-113,27
6,0,2,1,0.124353,1,12,0,0.2,0.095833,-8,15,34,-101,15
19,2,2,0,0.124353,0,-7,-16,0.057143,-0.338235,100,21,-96,-93,21
28,2,15,1,0.215123,0,-1.923077,-10.538462,0.033167,-0.076195,-13.230769,-6.461538,19.461538,-85.384615,30
3,0,2,0,0,1,-3,3,0.181818,0,-41,82,-71,-82,28
8,2,5,0,0.179179,1,8,-6.5,0.099634,-0.006822,19.25,-3.75,15.25,-78.25,11
0,1,5,1,0.122459,0,0,-20.25,-0.089851,-0.156025,-38.5,-143,15,-78,12
4,2,2,0,0,0,17,4,0.3,-0.090476,126,-3,62,-77,17
6,0,9,1,0.583011,0,7.017857,-12.964286,0.06305,-0.057971,-72.125,-0.142857,12.25,-74.017857,17
7,1,5,0,0,0,1.25,-1.75,-0.058801,-0.035136,-71.25,-8.75,69.5,-73,13
6,1,2,0,0,1,-10,-11,-0.133334,0.194444,-232,37,-7,-72,14
5,1,2,1,-0.124353,1,-6,4,-0.442308,0.180953,-107,105,116,-71,12
6,0,7,1,0,0,-1.6,-6.4,-0.053943,-0.126275,-43,-53.8,-21,-70.8,9
2,2,2,1,-0.124353,0,-16,0,0.177777,-0.071429,1,-57,3,-68,6
9,2,8,1,0.301638,0,1.5,-1.5,0.02833,-0.141096,-43.833333,30.333333,8,-67.833333,11
10,0,2,1,0,1,-14,-16,-0.166667,-0.045455,109,-214,-46,-67,20
19,0,2,0,0,0,3,-3,-0.222222,0.175325,-65,-35,-100,-66,31
9,2,15,0,0,0,-4.153846,-3.846154,-0.053343,-0.115026,-97.230769,70.846154,36.769231,-65.769231,13
0,0,5,0,0.05188,0,4.083333,0.333333,0.074738,0.005393,54.083333,23.916667,-36,-65,9
5,1,6,1,0,1,-1.2,0.2,-0.120831,-0.098681,-11.2,82.2,40.4,-64.4,13
24,1,3,0,0,0,9,8,-0.045455,0.010161,28,125.5,-20.5,-64,29
0,2,8,1,0.293235,1,11.047619,-7.357143,0.19155,0.105355,101.714286,36.47619,7.547619,-63.404762,22
7,1,6,0,-0.215123,1,-3,3.8,0.004935,0.114308,-55.2,8.8,59.6,-63.4,31
1,2,12,1,0.583011,1,9.3,1.1,0.141307,0.026624,101.6,29.1,4,-62,11
26,1,7,1,0.184636,0,2.066667,-6.633333,0.090679,-0.023762,-63.933333,-17.333333,15.133333,-61.833333,30
1,2,8,1,0.293235,0,-3.333333,-8.761905,0.000404,-0.049563,32.071429,5.809524,-60.238095,-59.547619,21
19,2,6,1,-0.117002,0,0.8,4.4,0.056389,-0.198929,136,37.8,-68.4,-59.4,23
0,0,4,1,0.117002,0,1.666667,-4.333333,0.010992,-0.022417,82,32,-21.666667,-57.333333,14
2,1,8,1,-0.184636,0,0.904762,-5,0.004451,-0.036136,-23.261905,43.166667,0.761905,-57.071429,13
29,2,13,0,-0.339476,1,-10.272727,-2.545455,0.01041,-0.043838,-34.818182,-8.818182,-39.272727,-56.545455,30
16,0,2,0,-0.124353,1,-3,10,-0.172269,0.027778,-61,-85,-96,-56,29
5,0,3,0,0,1,7,-9,-0.051265,-0.139103,-22.5,-58.5,23,-56,12
8,2,7,0,-0.353518,1,1.833333,0.166667,0.019589,0.107537,66.833333,50,-26.333333,-55.5,18
9,2,11,1,0.301638,0,-0.055556,-2.933333,-0.050194,-0.047211,-74.777778,92.855556,4.144444,-55.488889,22
1,2,9,1,0.244919,0,2.875,1.375,0.023004,-0.095557,165.625,74.125,-100.375,-55.375,23
8,2,4,0,-0.117002,0,-0.666667,-4,-0.092232,-0.014839,-44.333333,65,-27,-55,16
6,0,5,1,0.241355,1,5.666667,-7.416667,-0.049608,0.041171,34.833333,-7.5,28.166667,-54.75,16
0,1,3,1,0,1,2.5,-13,0.187607,-0.146199,-14,-120,23.5,-53.5,19
7,0,10,1,0.353518,1,1.625,-0.625,0.017996,0.010019,-84,9.25,62.375,-53.375,11
10,0,15,1,0.5546,1,5.923077,-4.538462,-0.02418,-0.040583,-6.538462,-26,26.769231,-53.076923,11
0,0,3,1,0,1,0.5,4.5,-0.056372,-0.026515,96,13.5,-67.5,-53,29
10,0,13,1,0.358357,0,3.090909,-4,-0.039066,-0.091467,-11.636364,-44.363636,20.454545,-52.818182,11
7,1,4,1,0.124353,0,-0.333333,-6,-0.005704,0.144009,-61.666667,-108.666667,46.666667,-52.333333,20
20,2,5,1,0.122459,1,5.5,0.75,-0.010378,-0.061355,148.5,95,-79.25,-52.25,23
14,2,2,0,0,1,-2,-20,0.204545,-0.196429,77,-81,-39,-52,31
4,1,13,0,0.117002,1,3.272727,-6.090909,-0.040099,-0.100228,-37.181818,49.454545,8.909091,-51.454545,13
24,0,2,1,0,1,-7,0,-0.153847,-0.212122,-36,-50,-42,-51,25
0,2,3,0,0,0,5,-14,0.10984,0.025213,-49,-106.5,35.5,-50.5,1
22,2,2,1,-0.124353,1,-12,13,-0.02381,-0.162896,122,114,12,-50,23
0,1,2,1,-0.124353,0,-1,7,0.080808,-0.354167,69,-91,43,-50,1
0,0,6,0,0,1,-2,6.4,0.04732,0.091372,20.6,38,-26,-49,12
5,1,13,0,0.2773,0,3.545455,-2.454545,-0.062254,-0.071796,4.363636,41.272727,63.636364,-48.909091,6
29,1,4,0,0,1,-2.666667,-1,0.187516,0.210556,-18,79.333333,-26.333333,-48,31
12,2,11,1,0.215123,0,7.777778,-2.444444,0.118321,-0.065435,48.555556,39.222222,24.333333,-47.888889,13
16,0,8,1,0.056719,1,-1.857143,-6.714286,-0.001401,-0.080189,-89.285714,-9.428571,16.714286,-47.857143,17
0,2,5,1,0.244919,1,10,-8,0.212063,-0.043251,115.5,-100.75,18.25,-47.75,6
0,1,10,1,0.353518,0,11.375,-16.625,0.033775,-0.120221,18.625,-97.875,42.625,-47.75,3
5,2,11,1,0.410237,1,5.711111,-2.522222,0.164209,-0.082143,10.577778,35.355556,50.111111,-47.2,25
0,2,12,1,0.353518,0,3.1,-10.8,0.078015,-0.083547,49.6,-41.4,1.2,-47.1,21
0,2,4,1,0,0,-2.666667,-13,0.252189,0.056143,84,-196.333333,-23,-47,5
17,2,7,1,0.301638,1,-9.666667,-17.666667,-0.049063,-0.122482,-78.4,-77.5,-32.566667,-46.933333,21
5,2,15,0,0.456479,0,0.076923,-5.615385,0.041341,-0.024968,-34.461538,33.307692,12.692308,-46.923077,7
26,1,9,0,0.241355,1,4,-9.571429,-0.056419,-0.13152,-66.142857,31.714286,38,-45.714286,27
6,1,6,1,0,1,-5.2,-2.8,0.083575,0.026032,-1,-45,-30.4,-44.8,30
2,2,7,0,0.122459,1,8,-0.833333,0.042603,-0.040252,100.5,40.166667,-39.5,-44,23
24,1,13,1,0.339476,0,13.454545,-4.454545,0.086071,-0.090976,80.454545,10.545455,10.727273,-43.909091,27
10,0,8,1,0.122459,0,0.166667,-8.333333,0.011463,-0.086301,19.5,-49,-10.5,-43.5,21
8,0,5,0,0.108599,0,3.75,-2.25,0.078572,0.02877,8.75,49.5,30.75,-43.25,11
17,1,8,1,0.231059,0,9.666667,1.5,0.068745,0.06706,10.166667,64.666667,36.5,-41.833333,20
17,1,5,1,0.244919,1,10.75,0.5,0.066444,-0.06553,-27.5,56,64.25,-41.75,18
0,1,4,1,0.124353,1,9,-10.666667,0.109646,-0.070707,41.333333,-91.333333,32.666667,-41.666667,11
5,1,3,1,0.122459,0,6.5,-4,0.042172,-0.127777,-51.5,107,108,-41.5,21
5,0,13,1,0.339476,1,2.818182,-13.181818,0.056606,-0.139403,-85.181818,-4.090909,45.454545,-41.272727,17
1,2,14,0,0.231059,0,2.25,-1.666667,-0.035475,-0.030117,24,13.5,5,-41.166667,13
7,1,11,1,0.380797,1,6.433333,-4.788889,0.023167,0.043486,-1.188889,-14.911111,45.877778,-40.966667,21
13,2,7,0,0.122459,1,-0.833333,-1.833333,-0.01362,-0.064322,48.333333,-20.166667,-29.5,-40.833333,30
21,1,2,0,0,0,30,3,0.166667,-0.166667,128,160,73,-40,22
8,2,13,0,0,0,-2.818182,-7.090909,-0.008591,-0.054671,-4.363636,-11.818182,0.909091,-39.818182,21
5,2,13,1,0.456479,1,10.727273,3,0.172605,0.013036,-21.454545,68.909091,58.454545,-39.636364,15
9,1,11,0,0.669527,1,13.577778,-5.466667,0.060936,-0.041556,11.566667,18.9,55.822222,-38.288889,11
2,0,11,0,0.215123,0,-1.222222,-4.555556,0.003091,-0.05801,-71.777778,-16.888889,73.222222,-38.222222,11
27,2,3,1,-0.122459,0,14.5,7.5,-0.073277,-0.012821,14.5,-4,89.5,-38,30
12,2,5,1,0.244919,1,8.25,-1,0.09522,0.032608,24.5,10,4,-37.5,14
3,2,4,1,0,0,-0.666667,5,0.051323,0.048957,102.666667,-21,-6,-37.333333,6
4,1,4,1,0.241355,1,5,-12.333333,0.076479,0.128109,-22.333333,-63.666667,1.333333,-37.333333,8
7,2,13,1,0.201618,0,8.090909,2.363636,0.123059,-0.017221,32,-0.272727,65.909091,-37.090909,11
2,1,2,1,0,0,2,-2,0.379808,0.077922,61,-85,80,-37,3
20,1,3,1,-0.122459,1,-0.5,6,-0.101388,-0.132783,8.5,22.5,13.5,-36.5,30
24,0,10,1,0.358357,0,4.444444,-2.555556,-0.053484,-0.106518,-2.555556,-12.444444,-17.666667,-36.444444,25
9,2,13,0,-0.225472,0,-8.545455,-1,-0.115893,-0.061645,-43.909091,83.272727,-39.636364,-36.181818,16
16,2,3,1,0.122459,0,3.5,-8,-0.019985,0.209249,-25.5,-43.5,103,-35.5,19
1,1,15,1,0.289776,1,2.153846,-8.384615,0.025266,-0.000424,-6.846154,0.538462,-4.923077,-35,3
9,2,10,1,0.244919,1,3.5,3.25,0.045517,-0.057288,-84.25,109.875,33.875,-35,15
7,0,4,1,0.124353,0,-4.333333,-3,-0.007662,0.019943,-207,-23.333333,63,-35,17
5,1,9,1,0.241355,1,3.428571,1,0.015826,-0.006513,-2.571429,50,25.428571,-34.714286,20
20,2,14,0,0.503256,0,-2.166667,-3.75,-0.046272,-0.093059,-8,31.083333,-25.25,-34.583333,21
5,1,11,1,0.358357,0,9,-0.777778,0.015436,-0.086652,115.888889,57.555556,17.555556,-34.555556,23
0,1,6,0,0.117002,0,8,-13.2,0.09014,-0.072599,48.6,-91.2,-27.4,-34.4,9
8,0,6,0,-0.056719,1,-2.95,-2.35,0.015774,0.025333,35.75,45.45,-3.35,-33.65,21
4,0,14,0,-0.034378,1,-2.583333,-7.083333,-0.054113,-0.050698,-40.166667,41.5,-20.166667,-33.333333,17
3,2,12,1,0.399759,1,-2.009091,-6.309091,-0.117421,-0.053518,73.209091,3.981818,-87.7,-32.936364,23
28,1,4,0,0.124353,1,3.666667,-1.666667,0.08183,-0.106055,-29,-34.666667,-2.666667,-32.666667,30
1,1,9,1,0,1,2.375,-1,0.042638,0.095271,18.25,37.875,2.5,-32.375,11
8,1,15,0,0,1,0.230769,-1.230769,0.008105,-0.029759,13.769231,4.769231,25.153846,-32.230769,11
6,1,11,0,0.060283,0,-4.666667,-4.777778,-0.020687,-0.127707,-33.555556,19.777778,-5.555556,-32,13
12,1,15,1,0.098121,0,0,-5.230769,0.068199,-0.118059,-2.384615,44.615385,6.769231,-30.923077,13
2,0,4,0,-0.117002,0,-1.333333,2,-0.139433,-0.02311,-61.333333,32.666667,37,-30.666667,12
4,2,6,1,0,0,-1.4,-7.8,0.062969,0.03548,1.4,15.6,-44.8,-30.4,26
29,0,13,1,0.117002,0,-3.727273,-3.909091,0.018088,-0.049479,16.636364,-23.636364,-31.181818,-29.909091,31
0,1,11,0,0.179179,1,4.311111,-8,0.099538,-0.107928,52.122222,-59.677778,-14.411111,-29.811111,10
2,2,5,1,0,1,-16.5,-10.75,-0.017311,-0.045526,-60,-68.25,-35.5,-29.75,21
17,2,8,1,0.241355,1,1.142857,-4,-0.053288,-0.107935,57,4.857143,-59.428571,-29.571429,23
26,2,5,1,-0.122459,1,-4.75,-4.75,-0.177645,-0.145793,6,-70.5,-2.75,-29.25,30
5,0,15,1,0.619092,1,7.846154,-8.461538,0.066575,-0.059594,-60.692308,-37.307692,71.307692,-29,8
4,1,6,1,0.339476,0,3.2,-7.6,0.062569,0.122763,-1.2,-1.4,-4,-28.8,21
7,0,11,1,0.301638,1,1.444444,1.333333,0.05569,0.098541,-20.222222,40.555556,36.222222,-28.666667,16
4,1,12,1,0.060283,1,5.4,-1,-0.015946,0.018566,13.5,14.2,12.6,-28.6,6
29,1,5,1,0.122459,0,3,-0.25,0.184533,0.096778,55,-19.25,-14,-28.5,30
5,1,5,1,0.244919,1,5.5,-1.25,-0.045485,-0.100721,41.5,56.25,52.5,-28.25,10
4,1,11,1,0,0,2.888889,-3,0.031467,-0.003018,-34.555556,29.555556,12.111111,-28.222222,14
24,0,15,1,0.456479,0,3.230769,-2.153846,-0.009886,0.008534,-7.923077,-32.384615,-1.153846,-28.076923,27
0,1,8,1,0.399759,1,15.690476,-13.238095,0.089388,-0.199453,53.404762,-116.642857,50.52381,-28.047619,1
16,2,15,1,0.791866,0,8.923077,-6.538462,0.034584,-0.130269,89.230769,-25.692308,-27.076923,-28,23
3,2,15,0,0.124353,1,-6.538462,-8,-0.093981,-0.0708,-24.230769,-74,-15.461538,-28,21
5,0,2,1,0.124353,0,18,-28,0.145455,-0.288462,28,-35,-11,-28,11
7,0,8,0,0.179179,1,0.071429,-1.261905,-0.048243,-0.017175,-69.404762,4.142857,43.5,-27.928571,14
28,2,11,1,0.184636,0,-1,-7.688889,0.098558,-0.014197,15.733333,-49.211111,10.566667,-27.833333,31
5,2,7,1,0.122459,1,1.666667,-3.666667,-0.009113,0.020611,-7.333333,37.5,-16.333333,-27.666667,7
18,2,11,0,0.456479,1,-3.555556,-10.111111,0.000659,-0.165511,-80.444444,-38.333333,35,-27.666667,21
6,1,4,0,-0.124353,0,-6,-5.666667,0.037861,-0.139472,30.666667,51.666667,-26.666667,-27,22
11,2,3,0,-0.062177,0,0,-0.5,-0.00641,-0.188072,111.5,87.5,-61,-26.5,23
10,1,6,1,0,1,3.8,-2.6,0.039102,-0.041667,46.4,3.8,34.4,-26.4,11
18,0,14,0,-0.122459,1,-8.416667,-2.583333,-0.03163,-0.017836,-46.75,5.416667,-30.833333,-26.333333,31
15,1,14,1,0.404651,1,2.833333,-8.166667,0.045161,0.031946,25.083333,-29.333333,8.25,-26.083333,21
26,0,10,1,0.293235,1,5.5,2,0.099802,0.049951,13.5,12.680556,2.625,-25.972222,28
10,0,4,1,-0.117002,0,3.333333,-5.666667,-0.034975,0.019587,34.666667,-113,-18.666667,-25.666667,23
7,2,4,0,0.124353,0,1.666667,-3,0.076689,-0.143008,-9.666667,-31.333333,34,-25.666667,27
9,1,7,1,0.122459,1,-3.166667,-2.5,-0.169881,-0.04342,-88,-1,39.166667,-25.5,12
30,0,11,1,0,1,2.666667,6.222222,-0.059671,0.097024,32.888889,103.555556,-52.444444,-25.222222,31
5,2,14,1,0.353518,0,6,-3.416667,0.050457,-0.074699,-6.75,-7.25,40.75,-25,6
6,0,11,1,0.756603,0,8,-11.111111,0.017898,-0.04061,2.777778,-72.555556,1.777778,-24.888889,8
6,1,10,0,0.503256,1,3.375,-9.375,0.053334,-0.051469,8.125,0.125,-4.75,-24.75,21
1,1,11,1,0.046241,0,-0.188889,-7.688889,-0.029393,0.026641,-27.566667,-9.422222,-2.733333,-24.7,3
7,0,12,1,0.611856,0,3.6,-3.7,-0.003845,0.036869,-41.1,-34.2,59.5,-24.6,8
10,2,5,1,-0.062177,0,-2.25,4.25,0.041653,0.037675,25.75,36.75,-21.75,-24.5,15
3,0,8,0,-0.629253,0,-19,8.571429,-0.163179,-0.036784,-103.714286,47.714286,-30.285714,-24.285714,12
4,2,5,0,0,0,-7,-7.5,0.071394,-0.052381,40,-73,-52.5,-24,5
24,2,7,0,0.231059,0,3,-7.166667,0.144213,-0.022819,94.833333,-30.5,-22.833333,-23.833333,25
26,0,13,1,0.531132,0,2.818182,-5.090909,0.062912,0.014036,-40.090909,-83.363636,31.454545,-23.818182,27
5,2,12,0,0.462117,0,3.2,-0.6,0.027494,-0.095707,-35.2,2,23.2,-23.7,8
19,1,12,1,0.108599,1,1.8,5.8,0.058827,0.129952,24.7,-9.6,24.5,-23.7,30
5,2,6,0,-0.117002,0,7,4.8,0.055031,0.041547,53.6,95.4,-34.4,-23.6,18
6,2,13,1,-0.056719,0,-5.030303,-0.689394,-0.038268,-0.074046,44.030303,8.143939,-46.363636,-23.5,27
8,0,9,0,0,1,-1.714286,0.428571,0.046311,-0.055669,-36.285714,31,11.714286,-23.285714,11
16,2,14,1,0.244963,0,7.75,-2.166667,0.077312,-0.003056,53.25,-40.416667,4.916667,-23.166667,18
26,0,11,1,0.456479,1,3.111111,-4.222222,0.053141,0.058353,-37.666667,-79.111111,14,-22.888889,27
1,1,13,1,0.056719,1,1.136364,0.25,0.057208,0.059995,4.212121,18.772727,-10.651515,-22.810606,18
6,0,6,1,0.05188,1,-1.7,-8.05,0.01446,0.028698,41.3,-58.9,-49.65,-22.2,7
5,0,6,1,0.301638,0,7.2,-13.8,-0.0563,-0.0864,-35.6,2,52,-22.2,16
17,1,10,1,0.231059,1,8.25,-3.5,0.029581,-0.125049,33.875,33.125,62.375,-22.125,27
4,1,14,0,0.122459,1,2.333333,-0.916667,0.036313,0.020453,3.666667,51.166667,-15.333333,-21.833333,28
15,2,12,0,0.046241,0,-4.118182,-6.172727,0.001236,-0.089334,48.254545,-33.654545,-7.945455,-21.7,25
0,2,11,1,0.358357,1,3.666667,-9.666667,0.099369,0.007914,77.111111,-7.777778,-28.888889,-21.555556,7
10,1,13,1,0.351953,0,13.424242,-2.962121,0.061651,-0.011992,35.287879,2.212121,66.227273,-21.469697,11
15,1,10,0,0.241355,1,-4.444444,-7.222222,-0.074542,-0.025923,23.111111,-12.222222,-23.222222,-21.333333,16
18,0,9,1,-0.138396,0,-0.875,1.303571,0.033707,0.075063,0.678571,66.892857,-1.642857,-21.285714,19
0,1,9,0,0.456479,0,15.142857,-13.428571,0.175542,-0.075826,43.142857,-95.714286,10.428571,-21.285714,8
5,1,14,0,0.231059,0,2.333333,-0.583333,0.02064,-0.126229,33.833333,62.083333,0,-21,7
7,0,3,1,0,1,-0.5,10.5,0.131945,0.110496,14.5,34.5,78,-21,19
23,0,6,1,0.117002,0,-3.4,-3.6,-0.174716,-0.168262,-54.2,7.8,-22.2,-20.2,25
24,0,9,0,0.05188,1,1.446429,-7.517857,-0.070956,-0.098433,-0.821429,-8.446429,-16.660714,-20.196429,26
24,0,11,0,0.05188,1,5.6,3.933333,-0.046241,0.027747,3.377778,24.033333,-30.433333,-20.177778,29
10,0,14,1,0.108599,0,0.416667,-6.166667,-0.120151,-0.089079,21.833333,-39.083333,-16.333333,-20,14
19,2,12,1,0.124353,1,-4.090909,-4.636364,-0.061661,-0.153411,55.363636,-61.363636,-43.272727,-19.909091,27
8,1,8,0,-0.05188,0,-2.095238,5.52381,-0.010462,0.070661,15.738095,17.261905,14.119048,-19.809524,30
5,1,15,0,-0.172774,1,-1.846154,0.923077,-0.057941,-0.113565,-11.307692,45.615385,37.230769,-19.692308,22
25,2,14,1,-0.353518,0,-7.333333,-3.166667,-0.142017,-0.046974,-69.75,-15.166667,0.166667,-19.583333,30
19,0,10,0,-0.108599,0,-5.5,-6.5,-0.027851,-0.058451,-43.75,-58.25,-8.875,-19.5,21
14,2,8,0,0.056719,0,2.166667,-3.571429,-0.007386,0.102657,-17.333333,45.380952,-13.785714,-19.142857,26
7,1,15,0,0.124353,1,-0.384615,-5.461538,0.040225,-0.027074,-82.153846,-16.153846,58.846154,-19.076923,14
0,1,13,0,-0.05188,1,1.636364,0.712121,0.053419,-0.025625,30.916667,-22.371212,3.022727,-19.030303,2
24,2,5,1,0,1,-5.25,-8.25,-0.039074,-0.045168,70.75,-46.25,-102.75,-19,27
6,1,9,1,0.184636,1,3.482143,-4.089286,0.078722,-0.048368,117.053571,7.589286,-50.625,-19,23
8,0,2,0,0,0,11,6,0.0625,0,-97,141,-39,-19,9
10,0,11,1,-0.098121,1,-3.888889,-5.222222,-0.116956,-0.017345,-11.888889,-26.444444,-15.666667,-19,22
18,0,6,1,-0.098121,1,-1.6,-1.8,0.096612,0.144415,21.8,5.6,-2.4,-19,19
9,0,15,1,0.456479,1,6.153846,-4.076923,0.010143,0.044295,-25,9.769231,67.461538,-19,21
30,0,7,0,0.154841,0,6.133333,8.333333,-0.124067,0.137983,38.9,143.9,-45.6,-18.866667,31
18,2,4,1,0,1,1.333333,0.666667,-0.040837,-0.150712,84,2.333333,-17.333333,-18.666667,23
9,0,3,1,0.244919,0,2,-13.5,0.175821,0.114719,67.5,-18,19.5,-18.5,20
14,2,12,1,-0.353518,0,-3.2,0.1,-0.036258,0.006443,7.8,18.5,-17.6,-18,30
5,0,4,1,0.124353,0,9.666667,-8.333333,0.056758,0.075504,-15.666667,59.333333,65,-18,19
9,2,7,1,0,1,2.033333,3.433333,-0.0475,-0.087758,-90.766667,84.933333,19.133333,-17.8,10
28,1,5,0,-0.231059,0,-8.25,4.25,-0.014292,0.013366,-36.25,-1.25,-22,-17.75,31
22,1,14,1,0.548633,1,6.833333,-3.75,0.084435,0.032294,75.25,13.75,-18.416667,-17.583333,23
29,2,10,0,0.056719,1,-6.180556,-5.152778,0.090582,-0.020173,-3.041667,-39.444444,-48.625,-17.069444,31
22,1,10,1,0.399759,1,-0.513889,-1.125,0.060789,0.087288,13.541667,-60.541667,6.791667,-16.847222,30
8,1,11,0,-0.215123,1,-7.444444,2.222222,-0.062632,0.000454,-33.555556,50.888889,1.111111,-16.777778,28
4,2,8,0,0.241355,0,0.714286,-7.714286,0.1187,-0.018199,64.285714,-8.285714,-76.142857,-16.571429,7
1,2,7,1,0.122459,1,5.666667,1.5,0.013029,-0.022597,80.166667,-21.166667,-5.5,-15.5,6
29,1,15,1,0.456479,1,7.230769,2.384615,0.068856,0.078983,81.461538,-32.461538,-7.153846,-15.384615,30
2,1,5,1,0,0,1,-11.5,0.040766,0.023773,63,-79.75,-14.5,-15.25,11
20,2,3,1,0,1,-20.5,-17,-0.154762,-0.091554,16,1.5,-92,-15,21
5,2,9,1,0.244919,0,1.125,-2.125,-0.01293,0.008093,-59.125,58.25,24.125,-15,26
28,2,4,1,-0.124353,1,-4.666667,-11,-0.155317,-0.191562,-61.333333,-104.333333,78.666667,-15,29
17,1,15,1,0.5546,0,11.384615,-1.769231,0.031284,-0.091124,62.846154,6.153846,34.230769,-14.769231,18
21,2,4,0,0,1,16,7.666667,-0.074177,-0.075879,17,25.333333,95.666667,-14.666667,30
4,2,15,1,0.339476,0,8.538462,0.846154,0.103738,0.02224,2.384615,24.923077,30.692308,-14.538462,24
2,1,11,1,0.184636,0,7.722222,-11.522222,0.077716,-0.108007,0.466667,-26.122222,31.511111,-14.311111,27
10,2,11,0,-0.414129,1,-11.633333,1.744444,-0.108077,-0.044384,-7.822222,18.855556,-43.966667,-14.077778,16
9,1,3,1,0.122459,1,3,6.5,-0.026723,0.047009,7,44.5,38,-14,10
12,2,14,1,0.635149,0,15.333333,5.5,0.248001,0.100906,94.25,52.75,13.833333,-13.916667,15
16,2,12,1,0.559976,1,7.936364,-3.790909,0.077605,0.044939,5.827273,-14.254545,19.863636,-13.618182,22
10,2,13,0,-0.456479,0,-9.530303,3.333333,-0.075375,0.027696,4.992424,12.856061,-39.515152,-13.575758,17
28,1,13,0,0.339476,0,6.454545,2,0.058189,0.001759,33.363636,-66.090909,38.363636,-13.454545,30
5,2,8,1,0.124353,0,8.142857,5.285714,0.067707,-0.056464,-76.428571,71.285714,91.857143,-13.428571,24
24,1,8,0,0.154841,0,9.952381,4.166667,0.095225,0.04809,148.119048,14.047619,-21.5,-13.404762,26
29,1,14,1,-0.149738,0,-0.583333,3.833333,-0.020069,0.09747,44.416667,33.25,-26.25,-13.25,31
24,2,10,1,-0.241355,1,-8.777778,-6.222222,-0.086242,-0.032527,45.222222,-38.333333,-73.222222,-13.222222,30
28,2,8,1,-0.062177,0,3.380952,-2,-0.020419,-0.013674,-5.047619,6.690476,50.214286,-13.166667,29
8,2,15,1,-0.531132,1,-5.076923,5,-0.055572,0.118612,20.153846,70.923077,-22.230769,-13.153846,17
4,2,14,1,0.353518,1,1.833333,-3.75,0.096687,0.051946,56.666667,0.833333,-55.083333,-13.083333,7
6,2,15,1,0,0,-2.538462,0.230769,0.109076,-0.028971,34.923077,28,-11.923077,-13,25
0,2,9,0,0.154841,0,7,-5.875,0.17215,-0.007597,78.589286,-0.232143,14.107143,-13,3
4,1,15,1,0,0,6.076923,5,0.014553,-0.048006,28.153846,38,-14.461538,-12.923077,15
5,1,12,1,0.168882,1,2.518182,0.181818,-0.005385,-0.134085,45.963636,65.736364,-5.818182,-12.763636,7
16,2,6,1,0.098121,1,8.4,3.2,0.127391,0.103438,77.6,-4.4,44.2,-12.6,17
9,0,6,1,0.410237,1,8.5,-5.5,0.096158,0.101738,-28.85,34,46.9,-12.15,11
3,2,6,1,0,0,3.8,4.4,-0.039567,0.192874,31.2,28.8,-37.8,-12,22
12,1,10,1,-0.060283,0,0.055556,1.597222,0.121714,0.038013,-24.125,52.791667,22.958333,-11.722222,14
0,0,15,1,0.531132,0,7.846154,-2,0.110749,0.045072,61.538462,23.230769,-14.769231,-11.153846,15
5,0,11,0,0,1,-0.555556,-7.777778,-0.025908,-0.168398,-41.111111,-64.111111,14.888889,-11,9
2,1,7,1,0.056719,1,7.433333,-3.033333,0.015441,0.029396,42.666667,-3.066667,12.666667,-10.933333,3
0,2,14,1,0.195115,1,6.75,-1.166667,0.176873,-0.028713,50.583333,24,21.25,-10.833333,3
8,1,12,0,-0.195115,1,-1.9,-2.6,-0.051859,-0.065528,-22.8,11.6,33.9,-10.8,27
1,2,6,0,-0.117002,1,0,5.8,-0.003364,0.096828,5.8,27.4,-19,-10.4,20
16,0,4,1,-0.184636,0,-9.333333,13.666667,0.009906,-0.055088,-30.333333,37,-15,-10.333333,28
1,0,14,0,-0.193083,1,-5.583333,-3.5,-0.100215,-0.089268,-91.666667,7.166667,-16.166667,-10.083333,12
6,2,12,1,-0.108599,0,1.272727,4.4,-0.010918,0.062453,-18.436364,77.918182,9.072727,-10.054545,10
19,1,11,1,-0.179179,0,0.055556,8.033333,0.017573,0.211857,25.1,105.633333,-0.555556,-9.888889,25
12,1,14,1,0.231059,1,2.416667,-4.416667,0.174638,-0.034247,-10.25,22.083333,22,-9.583333,14
2,2,6,1,0,0,-6,-5.4,-0.088223,0.107388,3.8,-4.6,-54.4,-9.4,7
6,0,13,0,0.619092,1,6.909091,-5,0.047752,0.015614,28.909091,6.454545,-4.090909,-9.181818,19
8,2,3,1,0,0,-1,-9,-0.045536,0.056061,-55,-6.5,34,-9,13
4,1,5,0,0,1,-0.75,-6.25,-0.026731,-0.04894,0,13.5,5.5,-8.5,22
0,2,15,1,0.172774,1,2.846154,-7,0.107808,-0.019065,-14.538462,-23,43.846154,-8.461538,1
13,0,15,1,-0.339476,0,-4.076923,-2.230769,-0.052102,-0.06853,19.076923,-39.076923,-5.230769,-7.923077,14
7,0,13,1,0,0,-5.363636,0.090909,-0.033212,-0.050222,-32.636364,-21.727273,3.181818,-7.818182,9
9,1,8,1,0.241355,0,3.428571,2.142857,0.050336,0.02952,-2.571429,30.428571,27.857143,-7.714286,10
2,2,12,0,-0.195115,0,-1.6,-6.2,0.014877,-0.042543,-32.7,-79,11.8,-7.1,20
4,1,2,0,0.124353,0,13,-10,-0.240259,-0.170455,29,24,15,-7,23
1,0,13,1,0.496753,1,4.909091,-7.636364,0.032428,-0.131132,-18.545455,-13.818182,-1,-6.909091,4
2,2,3,0,0,1,-19,-8.5,0.144621,0.091341,-42,-181,-8,-6.5,5
0,2,10,0,-0.086516,1,3.375,-5.375,0.124195,0.050544,54,-62.125,22.25,-6.375,20
1,0,9,1,-0.117002,0,-2.142857,-2.285714,-0.06646,-0.021106,-32,3.857143,-62.714286,-6.142857,31
15,1,8,1,0.117002,1,-0.857143,-11.857143,-0.029333,-0.096544,10.428571,-76.428571,-12.285714,-6.142857,19
0,1,15,1,0.241355,1,8.153846,-4.076923,0.122204,-0.02268,61,1.846154,11.307692,-5.923077,25
1,1,12,1,-0.117002,1,-2.272727,4.454545,0.068325,0.131,29.909091,100,-38.181818,-5.909091,25
0,2,6,1,0,0,-1.4,-12.8,0.053474,-0.002885,56.8,-73,2.2,-5.8,12
24,2,13,1,0.168882,1,-2.568182,-4.878788,-0.020417,-0.018668,32.174242,-5.515152,-40.333333,-5.719697,26
1,2,10,1,0.301638,1,-1.333333,0.013889,0.00235,0.053463,72.430556,37.638889,-77.736111,-5.680556,7
20,0,9,1,-0.117002,1,0.857143,1.142857,0.001304,-0.150237,-30,38.857143,46.857143,-5.571429,21
0,0,8,1,0.301638,1,5.690476,1.595238,0.131169,0.103676,82.833333,4.404762,-58.285714,-5.452381,2
18,2,8,0,0.215123,0,-4.714286,-8,-0.040411,-0.091521,-64.857143,-38.428571,36.285714,-5.285714,30
1,2,5,0,0.122459,0,5.5,-2.5,0.043714,-0.040599,15.25,81.5,-18.25,-5,3
1,2,2,1,0,0,-4,-2,0.043956,0.301587,31,-102,2,-5,5
21,1,4,0,-0.117002,0,9,6,0.021886,-0.175718,156.666667,38.333333,4.666667,-5,23
25,1,14,0,0,1,1.666667,-6.583333,-0.048461,-0.13839,-30.833333,-71.166667,23.25,-5,27
14,1,7,1,0.244919,1,1.666667,-1.333333,0.015643,-0.13138,73,10.833333,-33.833333,-4.666667,16
13,0,9,0,-0.241355,1,-1.142857,-2.571429,-0.036376,-0.082884,28.714286,-9.142857,9.714286,-4.571429,14
26,2,15,1,-0.098121,1,-1.769231,-1.153846,-0.008944,-0.079811,78.076923,-47.846154,-49.230769,-4.538462,27
1,1,4,0,0.117002,1,-3.666667,0.666667,0.017418,0.160506,-39.666667,32.333333,-10.333333,-4.333333,10
28,0,8,0,-0.168882,0,-7.97619,-9.238095,0.104096,-0.146355,-50.809524,-165.380952,8.214286,-4.214286,30
18,0,3,0,-0.122459,1,-11,3,0.021911,0.119345,31,-10,-100.5,-4,28
12,0,2,1,0,0,18,7,0.163462,-0.028571,-4,69,11,-4,13
13,0,3,0,0.122459,1,-5.5,-14.5,-0.12369,-0.052381,-48.5,3,61.5,-4,25
28,2,2,1,-0.124353,1,-7,3,-0.074867,-0.17619,-22,-225,100,-4,30
1,0,15,1,0.241355,1,4.076923,-2.615385,-0.031142,-0.070031,42.769231,23.692308,-52.307692,-3.846154,2
24,1,15,0,0.414129,1,8.153846,0.923077,0.095278,0.002923,116.230769,7.307692,-25.538462,-3.846154,26
0,2,13,1,0.215123,0,6.363636,-0.272727,0.130604,0.020682,62.272727,23.090909,27.727273,-3.636364,2
8,1,3,0,-0.244919,1,-19,7,-0.117716,0.098052,-109,93.5,-44,-3.5,31
17,2,10,0,0.410237,0,5.763889,-4.263889,0.009984,0.041637,-34.041667,7.819444,10.833333,-3.430556,22
22,0,15,1,0.629253,1,7.923077,-0.692308,0.092827,-0.087164,25.538462,-25.230769,16.076923,-3.384615,25
3,2,13,0,-0.172774,0,-2.909091,-5.545455,-0.032537,0.011815,-29.909091,-78.545455,15.272727,-3.363636,20
19,2,7,1,-0.122459,1,-0.833333,2,-0.040299,0.058871,-1,57.5,-26.833333,-3.333333,22
16,1,12,0,0.168882,0,8.1,-0.963636,0.087437,0.036168,-30.063636,-24.154545,60.281818,-3.154545,18
12,0,13,1,0.583829,1,12.636364,-5.454545,0.132738,0.036634,103.363636,22.454545,-2.727273,-3.090909,15
8,1,10,0,-0.168882,0,-10.722222,2.458333,-0.108741,-0.010665,-12.291667,11.222222,-25.833333,-3.069444,10
6,2,10,1,-0.05188,1,-8.555556,-0.597222,-0.095215,0.073803,-42.569444,77.583333,-36.236111,-3.013889,26
7,1,2,1,-0.124353,1,-8,12,-0.285715,0.419581,15,5,-7,-3,11
2,0,12,1,-0.244919,1,-7.8,0,-0.006878,0.019095,-46.4,-6.9,-4.1,-2.9,31
9,2,9,0,0,0,-13,-4.857143,-0.14563,-0.166623,-148.428571,-22.285714,30.714286,-2.857143,12
1,0,6,1,0.215123,1,12.2,-9.6,0.098207,-0.071026,84.6,-11.6,0.8,-2.8,3
9,1,9,1,-0.086516,0,-2.25,3.375,0.0015,-0.024506,-72.25,3.25,43.5,-2.625,29
8,2,8,0,0,1,7.857143,3.142857,0.107966,0.119854,14.714286,65,28,-2.571429,15
10,2,3,1,-0.184636,1,-25.5,-0.5,-0.179166,0.085417,-41,-24,5,-2.5,12
10,1,7,1,-0.060283,0,-0.233333,-1.966667,0.018756,0.081577,-8.066667,37.3,2.166667,-2.2,28
3,0,13,0,-0.50209,1,-12.727273,0.272727,-0.168504,-0.037421,-61.909091,18.909091,-28.090909,-2.181818,14
25,1,8,1,-0.062177,0,-1.642857,-8.47619,-0.138342,-0.176902,-40.190476,-53.357143,14.02381,-1.880952,27
20,2,4,1,0.124353,0,2.333333,-4.333333,-0.045584,0.031616,-20.333333,92,-8.666667,-1.666667,26
22,1,6,1,0.117002,0,7.2,4.4,0.108349,0.012953,135.4,-2.4,-26.2,-1.6,23
10,2,10,1,0.108599,0,-8.208333,-4.791667,-0.028172,-0.13933,0.319444,-62.916667,-23.583333,-1.555556,14
18,1,3,0,0,1,5.5,-11.5,0.109523,-0.010256,26.5,27.5,22,-1.5,27
22,0,12,1,0.231059,1,11.7,4.9,0.179326,0.078661,54.3,5.7,37.7,-1.5,23
3,1,12,1,0,0,2.8,4.9,0.079856,0.017158,64.2,26.4,2.4,-1.4,11
14,0,10,1,0.244919,1,5.5,1.5,0.125714,0.129079,15.25,26.375,19.5,-1.25,15
4,2,9,1,0.231059,1,3.5,-2.75,0.223584,-0.02704,80.875,-21.625,-29.5,-1,25
1,0,11,0,0.358357,0,7.222222,-8,-0.005182,-0.004413,-8,12.777778,-7.888889,-0.777778,15
6,1,14,0,0.184636,0,-5.333333,-1.583333,0.045094,0.022506,-33.416667,-17.333333,-26.333333,-0.583333,20
3,2,7,1,0.244919,0,8.666667,4.833333,0.036606,0.102603,12.833333,23.333333,0.5,-0.5,15
0,0,10,0,0.154841,0,-2.361111,3.388889,0.058755,0.081421,18.097222,-5,-62.763889,-0.347222,31
17,2,12,1,0,1,4.6,-3.7,0.010231,-0.002775,32.1,-37.3,-21,0.2,18
2,2,14,1,0.231059,0,-1.25,-7.916667,-0.017666,-0.050106,-5.833333,-44.833333,-10,0.416667,31
22,1,12,1,0.046241,1,-4.645455,-3.245455,0.004588,0.020466,-45.572727,-26.154545,10.1,0.436364,29
20,1,13,0,0.361965,0,9.727273,-1.181818,0.039025,-0.025867,72.363636,5.636364,3.727273,0.454545,21
2,0,3,1,-0.122459,1,-8.5,-4,-0.025178,-0.191309,19.5,-57.5,17.5,0.5,14
8,2,9,1,-0.05188,1,-1.785714,-5.107143,0.002622,-0.046414,-6.410714,-21.017857,28.553571,0.553571,14
25,1,10,1,-0.414129,0,-11.777778,3.111111,-0.080301,0.000629,-57.666667,-28.444444,-22.111111,0.555556,31
19,0,14,1,0,0,-1.75,-2.333333,-0.029733,0.015704,-33.166667,-16.083333,-8.583333,0.666667,28
2,2,15,0,0.241355,0,-2.461538,-5.692308,-0.031132,-0.040519,-18.615385,-53.153846,-23.692308,0.769231,14
17,2,3,1,-0.122459,0,-8.5,0,-0.016667,0.135345,42.5,-17.5,-81.5,1,18
28,0,6,1,-0.241355,1,-2.4,4.8,-0.091174,0.020659,-28.8,17.8,-10.6,1,29
29,0,10,1,-0.108599,1,-10.125,-11.375,0.096127,-0.137088,-39.625,-165,21,1.125,30
2,2,4,0,-0.124353,0,0.666667,8.666667,-0.030937,0.261361,20.333333,10.666667,-11.333333,1.333333,22
29,2,3,1,0,0,-4.5,-4.5,0.290385,0.014772,7,-70.5,-64.5,1.5,31
7,1,7,1,0,1,5,6.833333,0.078792,0.021993,-23,-8.5,50.833333,1.5,15
21,2,10,1,-0.05188,0,2.722222,5.25,-0.009854,-0.0138,117.458333,67.833333,-61.430556,1.527778,23
8,2,6,0,-0.062177,0,8.4,-2.8,0.021831,0.070513,-3.4,-0.4,24,1.6,10
25,1,2,1,0,1,-19,11,-0.214286,0.207692,119,21,-60,2,26
23,0,3,1,0.244919,0,-10,-21,-0.113135,-0.133013,-159,-118,49.5,2,27
22,0,4,1,0.358357,1,10.666667,-7.666667,0.073907,0.105361,-21.333333,-103.333333,62,2,27
2,1,15,0,0.215123,0,-1.615385,-6.384615,-0.000867,-0.030683,6.692308,-34.692308,-28.230769,2.538462,10
20,1,5,1,0.108599,1,3.25,-6.75,0.038902,0.049405,20.25,5,10.5,2.75,21
2,0,13,1,0.215123,0,-4.363636,-4.090909,-0.013021,0.023253,-83.272727,6.727273,32.454545,2.818182,13
18,0,2,0,-0.124353,0,-11,3,0.351515,0.158333,48,-80,-120,3,23
12,2,7,1,0.122459,0,9.5,10,0.094266,0.034661,59.666667,97.666667,-17.5,3,28
8,2,10,0,-0.410237,0,-8.263889,-3.847222,-0.075108,0.017066,-91.083333,-11.166667,43.277778,3.111111,12
23,1,8,0,0.060283,1,-8.071429,-1.690476,-0.020682,0.058471,-113.238095,12.952381,10.833333,3.142857,28
12,1,8,1,0.117002,1,7,3.285714,0.15393,0.093583,40.571429,32.571429,26.428571,3.285714,18
3,0,11,0,-0.127351,0,-11.666667,2.555556,-0.131154,0.019332,-105,49.444444,-32.777778,3.444444,13
7,2,5,0,0,1,3.25,-3.25,0.054392,-0.078283,-109.75,-27,122.75,3.5,13
18,0,4,0,-0.241355,0,-17,2.666667,-0.182881,0.143056,-63.666667,-18.666667,-113.666667,3.666667,29
4,0,8,1,-0.462117,1,-8.047619,2.214286,-0.082659,-0.073352,7.119048,-10.571429,-46.309524,3.880952,9
23,0,7,0,0.108599,0,-4,0.333333,-0.122332,-0.054748,-30.166667,14.666667,-45.166667,4,29
13,0,8,0,0,0,5.5,0.166667,0.10595,0.083367,72.166667,23,10.833333,4,15
20,0,15,0,0,1,3.923077,4.923077,0.110664,-0.017438,12.076923,24.692308,53.615385,4.384615,23
2,1,12,1,-0.098121,1,0.818182,-7,0.043602,-0.04238,10.545455,-41.818182,-12.818182,4.454545,9
3,0,5,0,-0.231059,1,-8.25,9.75,-0.063316,0.088404,-46.25,2.25,-46,4.5,31
23,1,13,0,-0.531132,1,-11.909091,4.727273,-0.099585,0.082215,-86.090909,11.545455,3.272727,4.727273,31
27,1,15,0,-0.124353,0,-6.461538,4,0.023502,0.104255,-17.076923,33.615385,-32.846154,4.923077,28
10,2,8,0,0.062177,1,-1.714286,-2.285714,0.028522,0.086473,39.571429,-27.285714,-24.571429,5,19
19,1,7,0,-0.353518,0,-1.333333,8.333333,-0.046214,0.106774,-5.5,98.666667,-3.166667,5,22
22,1,8,1,-0.074653,0,-8.142857,4.571429,-0.015412,0.14541,-28.571429,13.285714,-34.571429,5.142857,31
12,1,13,1,0.117002,1,4.818182,4.909091,0.127158,-0.052082,66.727273,28.363636,-2.909091,5.181818,15
12,2,12,1,0.548633,1,13.2,0.6,0.106417,-0.030214,102.8,31.9,38.5,5.3,29
14,0,12,0,0.353518,0,3.4,0.1,0.116574,0.100176,-45.5,-26.6,32.8,5.5,27
20,0,12,1,0.056719,1,3.4,3.072727,0.025565,-0.161414,-10.418182,14.7,44.427273,5.827273,25
0,0,7,1,0.440034,0,13.5,-2.833333,0.238407,0.138058,106,2.833333,-13.5,5.833333,3
2,1,9,1,0,0,5.125,0.625,0.082637,0.099745,39.5,51.25,-13.375,5.875,25
22,1,3,1,-0.122459,0,-10,5.5,-0.053174,0.130555,-43.5,-52,-54.5,6,28
7,1,3,1,0,1,13,1.5,-0.062193,0.109141,116,26.5,26,6,23
2,2,9,1,0.062177,1,6,0.75,-0.007695,0.093326,-40.25,24.75,35.375,6,10
10,1,2,0,-0.124353,1,-18,14,-0.16084,-0.010101,-89,53,39,6,29
18,0,13,1,-0.456479,0,-11.545455,-4.636364,0.04031,-0.079629,-73.363636,-84.090909,-3.818182,6.090909,30
19,0,5,0,-0.244919,1,-6.75,8,-0.181003,-0.015107,-45.5,-21.25,-50,6.25,29
9,2,5,1,0.122459,0,0.5,-1.5,-0.082553,-0.004487,-45,14.25,1.75,6.25,19
2,0,6,0,0.122459,1,3.75,-1.5,0.058063,-0.009011,2,-22.5,87.25,6.25,15
3,1,9,0,-0.056719,0,-8.714286,6.553571,0.035951,0.021334,1.982143,31.660714,-46.428571,6.535714,10
12,2,4,1,0,0,12.333333,12.666667,0.141751,0.018269,69.666667,18.333333,7,6.666667,24
19,1,4,1,0,0,6.333333,-0.666667,-0.069797,0.125101,3,51.666667,14.333333,6.666667,27
12,1,9,1,-0.317574,1,2,6.625,0.118837,0.027561,65.75,49.75,8.625,6.75,22
28,1,9,0,-0.379751,1,-6.75,7.178571,-0.087201,0.066453,-15.160714,-0.875,-5.035714,7.017857,31
4,0,11,0,0.046241,0,2.666667,3.555556,-0.004817,0.084123,20.222222,70.444444,13.555556,7.111111,19
17,2,4,1,0.124353,1,-5.666667,-10,-0.211664,0.030595,-49.333333,-97.666667,31.333333,7.333333,19
15,2,15,1,-0.074653,1,-6.384615,-8.461538,-0.093032,-0.112501,-6.692308,-47.230769,-11.615385,7.538462,31
16,0,15,0,-0.293235,0,-6.230769,1.923077,-0.068496,-0.034062,-38.384615,-4.307692,-24.769231,7.769231,31
8,2,2,1,-0.062177,1,2,8,-0.15,0.366667,-80,83,-54,8,10
16,1,2,0,0,1,-9,-27,0.128205,-0.052381,-50,-178,42,8,28
20,0,10,1,-0.184636,0,7.347222,8.138889,0.079368,0.046471,-13.819444,69.763889,78.041667,8,23
9,0,9,1,0.056719,1,9.589286,5.535714,0.152647,0.296821,25.571429,40.339286,69.946429,8.017857,23
14,1,9,0,0.410237,0,6.214286,-1.285714,0.012075,-0.014999,51.357143,-22.660714,-3.821429,8.035714,18
16,2,10,0,0.442974,1,10.458333,-4.458333,0.125869,0.05605,26.805556,-40.069444,40.75,8.041667,19
3,1,5,0,0,0,-7.75,-8.5,-0.048833,-0.144202,-33,-37.75,-10.25,8.25,27
4,1,7,1,-0.108599,0,-3.666667,-2,0.044329,0.095307,-28.166667,-36.833333,-49,8.5,5
30,1,11,0,-0.496753,1,-8.588889,1.766667,-0.075105,0.02127,-47.255556,68.933333,-26.022222,8.622222,31
3,2,2,1,-0.124353,0,-17,0,-0.301587,0.020979,157,4,-134,9,7
6,2,8,0,-0.496753,0,-11.547619,5.642857,-0.079445,-0.012275,-27.785714,87.428571,-68.142857,9.02381,16
20,1,15,1,0.215123,0,8.692308,0.076923,0.046885,-0.050387,90.846154,35.692308,-2.846154,9.538462,23
10,2,15,0,-0.583011,0,-7.923077,-1.153846,-0.031241,-0.01137,-28.538462,-98.538462,4.538462,9.615385,20
4,1,9,0,0.122459,1,4.625,-2.25,0.009797,-0.012105,43.125,46.75,-62.5,9.625,7
2,2,11,1,-0.117002,1,0.777778,-1.111111,0.056032,-0.055035,-16.111111,3.222222,1.222222,9.777778,3
3,0,14,0,-0.683633,0,-14.416667,2.666667,-0.023796,-0.033377,-98.75,-18.75,-10.166667,10.083333,30
14,2,11,1,-0.098121,0,8,8.555556,0.101744,0.149107,5,75.555556,3,10.111111,15
4,2,13,1,-0.172774,1,-3.727273,-1.090909,-0.04003,0.00066,-44.363636,-17.363636,-18.545455,10.181818,12
15,2,3,1,0,1,-2.5,0,-0.043628,0.028222,96,23,-56.5,10.5,28
4,1,3,1,0,0,2,1,-0.017857,-0.027029,-36.5,-104,52,10.5,6
22,0,3,1,0.122459,0,13.5,-1,0.037879,0.013575,46,-8.5,111.5,10.5,26
4,2,11,1,0.241355,0,9.777778,-2.444444,0.157008,-0.046517,63.777778,-58.666667,-9.666667,10.777778,6
22,2,13,1,0.086516,0,-1.333333,-1.833333,-0.049424,-0.12913,92.25,-18.25,-70.833333,10.833333,23
5,0,14,1,-0.195115,0,0.833333,-7.5,0.027364,-0.07661,-30,-30.833333,10.916667,10.833333,7
2,0,7,0,-0.062177,1,-2.866667,0.333333,0.008399,-0.016939,-33.466667,7.133333,39.366667,10.866667,28
3,1,4,1,-0.241355,1,-17,-4.666667,-0.095238,-0.074148,-53.333333,-42,-79.333333,11,9
20,1,12,0,0,0,0.9,2,0.00598,-0.011706,29.1,48.7,-4,11.1,28
20,2,8,1,0.293235,1,0.880952,-5.47619,0.030862,-0.064534,20.714286,13.428571,-24.02381,11.357143,31
19,0,15,0,-0.339476,1,-8.153846,-3.769231,-0.00939,-0.08763,-53.153846,-88.538462,-19.846154,11.692308,30
1,1,6,0,0.098121,0,-2.8,0.4,0.016335,0.202422,-27.2,2,-59,11.8,8
8,1,13,0,-0.531132,0,-11.454545,1.818182,-0.061226,-0.033817,-81.181818,-3.181818,19.909091,11.818182,29
21,0,13,1,-0.117002,0,3.272727,7.090909,0.082115,0.097871,27.090909,39.181818,14.454545,12.090909,23
0,1,12,1,0.122459,0,4.4,-4.2,0.111398,-0.052495,69.9,-70.4,0.9,12.1,26
7,0,15,1,0.456479,0,8.461538,5.923077,0.050654,0.038223,34.384615,7.615385,39.692308,12.230769,18
15,1,9,1,-0.2773,0,-12.517857,-6.017857,-0.123517,0.117303,-68.232143,-53.267857,-48.25,12.589286,17
5,0,12,0,-0.301682,0,-3,2.1,0.004977,-0.030821,-62.2,13.5,57.9,12.6,6
19,2,9,0,-0.2773,1,-6.964286,0.928571,-0.037141,-0.069459,-10.517857,-61.571429,-4.196429,12.928571,20
16,1,8,1,0.172774,0,4.428571,-2.142857,0.053736,0.074834,-4.714286,-35.285714,18.428571,13,21
6,2,6,1,-0.241355,1,-5.2,9,-0.050227,0.063565,-64.4,94.6,22.6,13.2,24
13,0,5,0,-0.122459,0,-10,-7,-0.058831,-0.081903,24,26.75,5.25,13.25,26
16,2,5,1,0.231059,0,6.75,-8,0.128149,-0.032652,32.75,-78.75,53.25,13.25,31
11,1,7,0,-0.548633,0,-17,10.5,-0.018093,0.096116,-65.166667,35,-43.5,13.333333,31
1,0,10,1,0.353518,1,2.125,-6.875,-0.081857,-0.046457,-58.625,12.5,-38.5,13.375,13
22,0,9,1,0.179179,0,5.285714,5.089286,0.0689,0.060912,14.089286,18.571429,1.857143,13.375,28
12,1,11,1,-0.154841,1,-5.355556,2.433333,0.062889,0.075554,0.766667,5.822222,-29.055556,13.377778,17
21,2,9,1,-0.154841,1,6.589286,10.517857,0.020019,0.196981,40.910714,91.678571,14.071429,13.607143,22
16,0,13,0,-0.508358,0,-10.181818,-0.545455,-0.123729,-0.034987,-64.636364,-19.727273,-5.454545,13.727273,22
1,0,5,1,-0.122459,0,-3.5,6.25,0.003934,0.033791,-21.75,101.5,-21.75,13.75,28
7,0,5,1,0,1,5.25,17.5,0.089894,0.182991,-62.5,151.25,89.25,13.75,10
25,0,4,1,-0.124353,1,-3,6.666667,0.007384,0.272728,17,33.666667,-51,14,31
18,2,5,1,0,0,0.25,0.5,-0.120707,0.063062,-93,23.25,47.5,14.25,22
8,1,5,0,-0.231059,1,-5.25,1,-0.057673,-0.032613,-21.5,45.5,-51.5,14.75,9
13,0,14,1,-0.086516,1,-2.833333,3.583333,0.03128,0.033066,2.333333,-70.833333,12.583333,14.833333,27
21,0,2,0,-0.124353,0,-20,-7,-0.170455,-0.318182,-76,-34,-20,15,22
2,0,2,0,0,0,-17,-14,0.166667,-0.136364,-159,-252,133,15,30
17,1,13,1,0.241355,0,6.272727,0.090909,0.043047,-0.086016,94.181818,10.454545,16.272727,15.363636,26
8,0,13,0,-0.342474,0,-5.909091,1.818182,-0.016456,0.077586,-11.181818,18.181818,-44.545455,15.454545,20
28,0,12,1,-0.353518,0,-0.5,4.2,-0.050278,-0.005036,-20,8.3,-12.6,15.7,29
16,1,15,1,0,1,5.461538,-2.538462,0.066192,-0.053682,-17.307692,-32,37.307692,15.769231,19
3,1,13,0,-0.154841,1,-7.242424,7.613636,-0.039106,0.032865,51.848485,37.765152,-71.75,16.151515,16
15,0,14,1,0,0,-4.583333,1.666667,-0.037582,-0.133387,-41.833333,-31.083333,12.583333,16.916667,25
4,2,7,1,0,1,-1.333333,-3.5,0.037578,-0.10851,89.5,-63.166667,-76.166667,17,27
20,0,8,1,-0.462117,0,-7,5.5,-0.128849,-0.120237,-26.5,46.333333,7,17,22
26,2,7,0,0,0,4.5,2.666667,0.067748,-0.076668,3.833333,-11.5,32.5,17,31
1,1,7,0,-0.168882,1,-4.5,-0.1,-0.081807,0.074898,-36.1,48.1,-19.5,17.133333,27
14,2,14,0,0.195115,0,7.583333,1.333333,-0.022694,0.010087,45.75,21.833333,38.083333,17.166667,29
21,0,11,0,0.168882,0,1.922222,2.466667,-0.005151,-0.065443,13.188889,2.344444,-3.744444,17.655556,25
21,1,12,0,-0.173592,1,-0.3,3.3,0.013078,0.000993,41.7,15.4,-17.9,17.7,23
12,0,9,1,0.440034,1,9.25,-5.125,0.022521,-0.136111,35.875,-31.25,13.625,17.875,25
13,2,6,1,0.124353,1,9.4,11.2,0.084101,0.101049,60.2,61.2,-13.4,18,15
7,2,12,1,-0.231059,1,5.7,8.9,0.023654,0.01448,-42.8,21.6,80.2,18.3,24
13,1,14,1,0.353518,1,8.583333,3.5,0.074927,0.109039,60.25,-32.916667,10.166667,18.333333,18
3,0,15,1,-0.739973,0,-10.923077,11.307692,-0.107494,0.102254,-94.307692,95.076923,-25.384615,18.461538,29
25,0,5,1,0.231059,0,-1.75,-9,0.1105,0.079021,-20,-114.5,14.25,18.5,27
8,1,14,0,-0.611856,0,-10.333333,2.5,-0.069361,0.006469,-11.666667,-8,-30.166667,19,9
16,0,7,1,0.05188,1,6.666667,3.833333,0.007004,-0.096874,19.5,-5.833333,34.5,19,18
1,1,10,1,-0.508358,1,-10.402778,2.513889,0.045127,0.16998,-43.916667,-1.611111,-86.513889,19.25,5
21,0,14,0,-0.440034,1,-7.75,4.916667,-0.075556,0.040947,-9.583333,37,-30.583333,19.25,22
0,0,12,1,0.462117,1,1.2,-0.8,0.023887,0.054978,-0.5,10,-23.9,19.6,13
5,1,4,1,-0.117002,0,2,19.666667,-0.038889,-0.079331,-20.666667,152.333333,58,19.666667,15
17,1,14,1,0.231059,0,8.916667,-2.5,0.00544,-0.147851,66.083333,-2.5,4.583333,19.833333,19
1,1,3,0,-0.122459,0,-21,3.5,-0.021601,0.279647,-226,-35,5.5,20,14
14,1,5,0,0.122459,1,10,2.25,0.155463,-0.142997,211.75,-8.5,-42.25,20.25,23
11,0,12,1,-0.108599,0,0,-1.5,0.03105,0.037252,26.8,-6.6,-10.8,20.3,21
5,0,9,1,0,0,0.714286,-0.571429,0.034052,-0.055096,-82.714286,9,77.142857,20.428571,10
25,2,8,0,-0.117002,0,-5.571429,-3.142857,-0.187351,-0.079388,18,-75.571429,-54.714286,20.571429,27
0,0,13,1,0.339476,0,3.454545,2.545455,0.08205,0.072198,17.363636,37,-8.090909,20.818182,28
8,0,14,0,-0.6552,1,-9,2.166667,-0.024094,-0.086559,-5.666667,4.583333,-47.083333,21.166667,9
18,1,6,0,-0.358357,1,-7.6,4.6,-0.05725,-0.008045,-25.4,-0.8,-2.2,21.2,29
25,0,7,0,-0.062177,0,-7.6,-6.5,-0.044197,0.013993,3.433333,-17.966667,1.666667,21.466667,26
1,0,12,1,0.546601,0,11.5,-10,0.055793,-0.086175,44.2,-41.7,-4.1,22.4,3
20,0,6,0,0.098121,1,2,-1.8,-0.004472,-0.176993,-61.4,-64.4,46,22.4,27
23,2,11,0,-0.108599,0,-1.5,-0.3,-0.005999,0.030653,-28.7,-76.7,41.4,22.6,27
0,1,14,0,-0.195115,0,-3.416667,-6.166667,0.015346,-0.072401,-51.75,-83.166667,24.166667,22.75,24
9,1,2,1,-0.124353,0,-15,22,-0.087301,0.153847,-79,57,-54,23,30
12,0,5,0,0.231059,1,1.5,-12.5,0.024886,-0.097786,15.5,-55.5,14,23,14
20,1,11,1,-0.379751,1,2.955556,5.444444,-0.0426,-0.084426,31.322222,33.255556,13.144444,23.355556,22
21,1,15,1,-0.776095,1,-11.769231,7.692308,-0.107553,0.086701,-51.615385,34.153846,-12.076923,23.384615,31
25,2,3,1,-0.122459,1,1.5,-0.5,-0.042541,0.049522,-52,-51.5,-26.5,23.5,26
1,0,8,1,-0.179179,1,1.52381,1.119048,-0.064729,-0.015897,2.309524,23.904762,-33.690476,23.571429,29
11,1,14,0,-0.149738,1,-6.25,6.166667,0.025715,0.050053,-25.583333,-40.916667,-18.25,23.75,30
2,1,10,1,0,1,0.666667,-2.888889,0.048469,-0.023294,19,6.555556,-53.555556,24,7
15,0,9,0,0.168882,0,-5.125,-1.857143,-0.054602,-0.048645,-78.375,-74.803571,4.232143,24.178571,27
2,0,9,1,0.201618,0,7.678571,-5.892857,0.11083,0.000677,36.125,-65.892857,56.714286,24.303571,3
21,1,7,0,-0.548633,0,-11.666667,7.5,-0.078018,-0.103474,-68.833333,-7,-11.666667,24.5,29
19,1,10,1,-0.462117,1,-13,5.5,-0.14629,0.175169,-97,29,22.625,24.625,24
17,2,11,1,-0.172774,0,-1.666667,-3,-0.006859,-0.006064,-50.222222,-81.222222,27.555556,24.777778,20
13,1,10,0,0.244919,1,0.625,1.25,0.072896,0.146991,22.125,-49.875,-22.375,24.875,20
0,0,14,1,-0.106567,1,-0.083333,7.916667,0.03903,0.058307,24.25,42.416667,6.5,25.25,6
17,1,4,1,-0.117002,1,7,13,0.118607,0.201308,-7.333333,185.666667,33.666667,25.333333,25
2,0,14,0,-0.231059,0,-2.25,1,-0.042009,0.07131,-79.666667,27.5,26.666667,25.5,29
18,1,7,1,-0.231059,1,-4.833333,9.333333,0.031674,0.14141,26.5,67.333333,-19.666667,25.666667,25
12,0,11,1,0.172774,0,3.444444,-6.444444,-0.018077,-0.081181,64.666667,-49.333333,-25.444444,26,14
9,1,10,1,0.154841,1,3.208333,4.069444,0.063774,0.018084,26.263889,-7.472222,15.888889,26.25,26
12,1,6,1,0,0,6.2,1.6,0.245838,-0.101892,52.8,3,19.4,26.6,19
12,1,4,1,0,0,9.333333,10.333333,0.082479,0.017316,59,88,-22.333333,26.666667,16
8,0,10,0,-0.548633,0,-9.25,5.375,-0.051722,0.012573,-17.625,45.625,-27.75,27.125,22
6,1,8,1,-0.062177,0,-5.214286,-1.571429,0.018018,-0.082047,19.666667,29.52381,-89.261905,27.238095,7
24,2,9,1,-0.060283,1,1.392857,-3.553571,-0.118143,-0.021167,42,-11.964286,-6.553571,27.482143,29
14,2,4,1,-0.241355,1,7,13.666667,-0.005263,0.120013,36.333333,97,-37.666667,28,15
14,1,12,1,-0.231059,0,-7,4.8,-0.107774,0.100015,5.3,-31.3,-50.1,28.4,17
13,2,9,1,0.062177,0,-1.571429,1.375,-0.050955,-0.055403,116.803571,-87.017857,-69.267857,28.839286,27
6,1,5,1,-0.244919,1,-4,11,0.090228,0.044825,14.5,61,-66.75,29,15
2,0,10,1,-0.353518,1,-7.625,6.5,-0.01853,0.098404,25.375,-1.25,-10,29.25,5
1,2,4,0,0.241355,0,6.333333,3,0.028998,0.133333,49.666667,73,-33,30,4
27,2,2,0,0,0,16,-4,-0.076923,-0.592308,24,-58,149,30,29
1,2,13,0,0.098121,0,3,7.545455,-0.034388,-0.019978,57.727273,31.545455,-29.545455,30.090909,28
23,0,8,0,0.056719,1,-10.285714,-9,-0.214489,-0.202391,-41.809524,-16.190476,-34.690476,30.190476,26
18,2,13,0,0.056719,1,1.037879,1.424242,0.037981,0.040651,-23.560606,14.689394,30.007576,30.409091,19
8,2,14,1,-0.353518,0,3.25,2.666667,0.031681,0.161533,52.833333,-21.166667,7.5,30.5,9
30,2,9,1,0.244919,0,3.5,-1.375,0.074321,0.002343,-9.5,-15.625,14.5,30.625,31
3,0,4,0,0,1,-2.666667,8,-0.017677,0.078098,-29.666667,-38.666667,4,30.666667,15
4,0,15,1,-0.785448,1,-8.076923,7.769231,-0.043962,0.046338,-19.538462,41.769231,0.307692,31,6
2,1,6,0,-0.241355,1,-14.8,-5,-0.092115,0.058423,-27,-104.4,-92.8,31.4,17
25,2,6,0,-0.117002,0,2.6,1.2,-0.181359,-0.027522,-55.8,3.8,27.4,31.4,29
2,2,8,1,-0.241355,0,-0.571429,1.285714,0.082474,0.011245,4.714286,-0.857143,5.571429,31.428571,3
25,0,8,0,0.215123,1,-3.142857,-5.571429,0.049784,0.147823,-31.714286,-106.285714,-0.142857,31.571429,27
17,0,6,0,-0.124353,1,7,15.6,0.058875,0.117016,127,26.2,-34.4,31.6,31
25,2,4,0,0,1,0,-9.333333,0.000638,-0.127688,-86.666667,-67,9.666667,32,31
28,1,10,1,-0.399759,1,-5.875,3.472222,-0.083609,-0.029954,-40.583333,-41.166667,10.125,32.069444,29
0,0,9,1,-0.046241,1,-9.535714,-3.553571,0.13527,0.00804,-25.375,-135.089286,-17.053571,32.232143,30
9,0,12,1,0,0,0.3,5.1,0.085936,0.122206,-36.5,58.5,41.9,32.3,10
25,2,10,1,-0.215123,1,-4.222222,0.333333,-0.181265,-0.037815,27.333333,-69,-57.555556,32.444444,27
3,2,3,0,0.122459,1,1.5,5.5,-0.088375,0.242308,70,5,-23,32.5,4
10,1,12,0,-0.168882,1,-2.809091,0.072727,-0.062767,0.038622,-98.709091,3.481818,56.809091,33.236364,24
14,1,13,0,0.124353,1,2.727273,1.181818,-0.057077,-0.08011,72.181818,-32.181818,-36.454545,33.272727,19
17,0,12,0,0,1,3.5,9.1,0.037139,0.097797,51.2,37.2,17.9,33.4,19
13,2,12,1,0.179179,0,0.881818,-1.109091,0.060447,-0.007535,40.8,-24.863636,-21.009091,33.590909,31
3,1,8,1,-0.410237,1,-13.666667,10.880952,0.01098,0.000693,-62.380952,29.142857,-34.857143,33.666667,4
13,2,13,0,0.241355,0,-1.181818,0.545455,0.035148,-0.000844,21.454545,-35.727273,-37,33.818182,14
11,1,8,0,-0.5546,1,-15.714286,8.142857,-0.098304,-0.016977,-107.285714,-15.714286,-14.714286,33.857143,29
26,2,11,1,-0.05188,1,5.755556,2.477778,-0.018771,-0.040385,22.944444,-18.766667,52.788889,34.388889,29
12,0,7,1,0.293235,0,9.166667,-0.833333,0.172999,0.056637,72.466667,-31.2,39.333333,34.733333,15
11,0,14,0,-0.108599,0,3.5,3.25,0.092211,0.108714,54.416667,16.583333,-2.583333,34.75,23
4,2,12,1,-0.108599,0,7.2,3,0.129316,0.091245,105.9,-57.2,-33.8,34.9,9
15,0,3,0,-0.122459,1,-9.5,-4.5,-0.086247,-0.137311,-5,9.5,1.5,35,24
13,1,12,0,0.122459,0,6,8.2,0.100224,0.038395,49.8,-8.3,-5.5,35.1,15
4,0,12,0,-0.046241,1,1.8,3.4,-0.037779,0.047973,51.1,-3,-8.6,35.3,18
9,0,10,0,0.108599,1,3,5.125,0.106378,0.129147,-21.875,68.625,45.25,35.5,10
20,1,6,1,-0.124353,0,-0.4,4.4,0.000071,0.068518,13.4,77.2,6,35.8,25
13,1,9,1,0.184636,0,-0.803571,1.410714,-0.000138,0.000811,55.482143,-17.482143,-27.196429,35.928571,16
16,0,10,0,0.215123,0,4.583333,1.291667,0.009166,-0.071853,19.152778,-55.847222,12.625,35.972222,18
8,0,7,0,-0.05188,0,-1.166667,5.166667,-0.015967,0.050343,-5.966667,-2.333333,-33.066667,36.233333,13
3,1,14,0,-0.195115,1,-4.75,7.583333,0.023001,0.066926,39.666667,13.333333,-30,37.083333,26
3,1,3,0,-0.244919,0,-15,9,0.021911,-0.163961,-83,30.5,-32,38.5,15
18,0,8,0,-0.456479,1,-14.285714,4.571429,-0.018971,0.115912,-81.857143,26,-7.571429,39,24
12,2,2,1,0,1,20,2,0.196429,-0.204545,81,-77,52,39,13
13,0,4,0,-0.124353,0,-10,-1.333333,0.054682,-0.030231,32,-10,59.666667,39,24
12,0,15,1,0.087961,0,2.692308,1.230769,0.007193,0.048,85.384615,21.384615,-26.230769,39.230769,26
18,2,15,1,0,0,1.076923,3.384615,0.035756,0.043992,-26.615385,16,23.153846,39.230769,19
11,2,14,0,-0.722225,0,-12.083333,6.75,-0.1838,0.052183,-18.583333,29.333333,-58,39.333333,17
12,1,3,0,0,1,15.5,14.5,-0.147267,-0.034415,10,90,-25,40,13
5,0,8,0,-0.086516,1,-0.666667,-2.333333,-0.070833,-0.061302,-51.166667,13.333333,34,40.166667,6
11,0,4,0,0,1,-6,-2.333333,0.009259,0.097033,48.333333,-93,-80.666667,40.666667,20
17,0,11,1,-0.215123,0,-3.555556,4.777778,0.002882,0.145664,56.222222,-43.333333,-43.555556,41.333333,20
4,0,10,0,-0.559976,0,-5.125,6.625,-0.027031,0.072447,28.625,42,-7.75,41.5,6
14,0,2,1,0,1,0,7,0.212122,0.153847,50,36,51,42,26
16,0,12,0,-0.410237,1,-9.8,-3.3,-0.031456,-0.110974,-69.7,-134.4,-0.2,42.2,30
18,1,11,0,-0.358357,0,-11.111111,0.444444,-0.088377,-0.012332,-76.888889,-4.333333,5.111111,42.777778,24
24,2,14,0,-0.231059,0,-5.416667,2.416667,-0.058518,-0.0269,32.916667,-13.166667,-50.833333,43,28
17,0,7,0,0.108599,0,10.833333,9.333333,0.115935,0.049854,165.833333,29.666667,22.833333,43.333333,19
11,2,10,0,-0.508358,0,-3.75,3.25,-0.09186,0.079409,29.5,9.125,-59.625,43.375,18
27,2,6,1,-0.124353,1,2,12.2,0.009472,0.172954,-33.4,100.4,25.8,43.4,28
16,1,11,1,-0.184636,1,1.033333,3.322222,0.068671,0.066505,3.577778,-31.588889,25.411111,44.411111,26
17,2,5,1,0.122459,0,0.25,-8,-0.137981,-0.158464,-16.75,-78.25,35.5,45.25,29
18,1,4,1,-0.241355,0,-5.666667,10.666667,0.063326,0.052407,129,23.666667,-12.666667,46.666667,26
20,0,14,0,-0.122459,0,-2.083333,4.083333,0.018136,-0.060643,-22.25,5.916667,49.333333,46.833333,24
2,1,3,0,0,1,-2,-3,0.127841,0.057459,98,-55.5,3.5,47,26
16,1,3,0,0,0,-3,-12.5,-0.125603,-0.114177,-87,-183.5,33,47,17
15,0,12,0,-0.440034,1,-8.9,4.5,-0.086723,-0.045846,-16.4,-2.9,-10.7,47.2,26
22,0,6,0,0.168882,0,10.2,2.85,0.09548,0.03895,29.15,7.7,51.35,47.35,24
21,0,7,1,0.168882,0,-0.4,-2.066667,-0.028205,0.052927,-60.766667,-101.333333,5.4,47.833333,27
4,0,2,0,0,0,7,-22,0.178571,-0.170455,5,-63,-16,48,7
6,1,15,1,-0.2773,1,-4,2.461538,0.001369,-0.006248,31.230769,-18.846154,-49.384615,48.538462,9
4,0,7,0,-0.301638,1,-5.666667,-5,-0.038791,0.011424,52.166667,-19.333333,-67.666667,49,7
14,1,6,1,0,0,2.2,8.8,0.131275,-0.079439,59.2,-1.6,-40.2,49,15
4,0,3,0,0,0,3.5,-6.5,-0.03373,0.069445,4,4.5,6,49.5,16
13,1,4,1,-0.117002,1,-7.666667,-4,0.044177,0.166667,-72.333333,-33.666667,-4,49.666667,14
23,0,5,1,0,1,-8.75,-2.75,-0.124251,-0.075354,-41,-17.5,12.75,50.75,24
26,2,12,0,-0.301638,0,-0.963636,6.972727,-0.057176,-0.049516,1.772727,-7.618182,-9.290909,50.990909,28
19,1,5,0,0,1,1.75,13.25,-0.131197,0.232446,94.75,15.75,-29.5,52.5,26
22,2,15,1,0.098121,1,3.461538,0.461538,-0.016868,-0.057145,23.307692,-35.692308,39.307692,52.846154,29
16,0,14,1,-0.658097,1,-7.833333,5.5,-0.106415,-0.009149,-27.5,4.583333,-24.416667,53.833333,26
3,0,3,0,-0.122459,0,-9,10,0.05736,0.15812,-92.5,119,-41.5,54.5,10
6,2,3,0,0,0,-9.5,-9,-0.155556,0.066222,-7.5,17.5,-117.5,55,7
16,1,5,1,-0.244919,0,-0.75,10,0.032564,0.277226,-5.25,47.5,15.25,55.25,25
17,0,15,1,-0.098121,1,-0.153846,6.846154,0.010492,0.139557,6.461538,4.846154,1,56.923077,28
23,1,7,0,-0.231059,0,-16.166667,-3.333333,-0.182201,0.013801,-223.5,-62.666667,43.833333,57.333333,24
1,0,3,1,-0.122459,0,-9,-0.5,-0.216992,0.015151,14,-17.5,-35,58.5,8
13,2,10,0,0.122459,0,1,7.375,-0.026694,-0.008316,38,7.375,-30.375,59,28
2,1,4,0,-0.124353,1,-16.333333,-12.333333,0.018835,-0.128763,-123.666667,-178.666667,35.333333,59,24
20,0,5,0,-0.353518,0,-9,4,-0.001907,-0.197378,-95.75,-109.25,37.25,59,30
11,2,15,0,-0.776095,1,-13.307692,1.230769,-0.240077,-0.008679,-116.153846,-21.076923,-24.692308,59.692308,12
9,2,3,1,0,1,-7.5,4.5,-0.19697,-0.037363,-63.5,-40,14.5,60,14
12,0,12,1,0.201618,0,3.009091,-1.6,0.062266,0.018252,41.454545,-15.945455,14.827273,60.5,24
25,2,5,0,-0.122459,1,1.75,9.75,-0.09281,0.067603,-23.25,50.75,-39,60.75,28
4,0,5,0,-0.184636,0,-5.75,6.5,-0.055764,0.003983,72.75,-27,-49,61,5
11,0,7,0,-0.410237,1,-8.066667,2.533333,-0.091444,0.051877,24.966667,14.3,-53.566667,61.3,22
11,2,7,0,0.056719,0,-7.8,-6.2,-0.108975,-0.001652,-47.2,-6.6,-22.2,61.6,14
14,0,7,0,-0.060283,1,0.7,10.066667,0.091676,0.091635,29,49.333333,11.833333,62.066667,24
20,1,2,0,-0.124353,0,-14,14,-0.163462,-0.142857,56,55,-69,63,31
17,0,3,0,-0.122459,0,-8,2,0.013279,-0.041667,57.5,-147.5,11.5,63.5,30
4,0,4,1,-0.060283,1,-1.333333,-3.333333,-0.136834,-0.010656,1,-37.333333,-30,65.333333,8
17,0,5,1,0.108599,1,19.75,12.5,0.082197,-0.076989,206.25,36.5,25.25,65.75,18
22,2,3,1,-0.122459,0,-2.5,10,0.118814,-0.028571,27.5,-31,45,66.5,24
1,0,4,0,-0.241355,1,-13.666667,-7,0.057415,-0.083333,-73.333333,-164.333333,-10.333333,66.666667,30
9,2,4,1,-0.062177,0,3.666667,7.666667,0.035353,-0.121795,-18.666667,18.333333,-10.333333,68,10
17,0,2,1,0,1,-8,-18,-0.25,0.196079,-190,-30,64,69,27
11,1,3,0,-0.122459,1,6.5,15.5,0.161905,0.113831,-27.5,115.5,21,69.5,25
16,2,2,1,0,1,15,28,0.280543,0.309524,-30,-22,90,70,20
11,2,11,0,-0.317574,1,-2.544444,1.7,-0.057881,0.083161,-12.255556,0.188889,-10.622222,70.377778,19
11,2,9,0,-0.583011,1,-11.428571,5.142857,-0.143165,0.016473,-49.571429,34.142857,-57.142857,71.285714,16
21,0,4,0,0,1,-6,-0.666667,-0.07197,-0.115192,-12.666667,-14.333333,0.333333,72.333333,26
4,0,6,0,-0.184636,0,-4.8,7.6,-0.007166,0.059337,-14.2,49,-3.2,72.6,10
30,2,6,1,0,1,4.4,6.2,0.087232,0.05384,8.2,11.6,7.6,72.8,31
13,1,2,0,0.124353,1,-9,-15,0.20743,-0.154545,-57,-246,30,74,17
18,1,2,0,0,0,-3,7,0.2,-0.270175,121,-79,-66,75,19
21,0,3,1,-0.244919,0,-5,17,-0.018382,0.083334,2,0.5,-56.5,84,31
1,1,5,0,-0.244919,0,-15,1,-0.07724,0.085248,-153.75,-76,6.25,89.25,24
16,1,6,0,-0.241355,1,-10.4,0.4,-0.086229,0.054435,-93.2,-119.6,34.6,96.2,24
11,2,4,0,-0.060283,1,-3,-8.333333,-0.129502,-0.08088,-92.666667,-40.333333,24,99.666667,13
8,1,2,0,-0.124353,1,-6,24,-0.19394,0.071429,64,35,-89,100,15
11,2,2,0,0.062177,0,4,3,-0.2,-0.145455,-108,163,-26,101,15
